real_age,difference
1.0,2.132762451171875
2.0,1.3984939765930176
3.0,2.4224542140960694
4.0,2.111766996383667
5.0,2.0777482986450195
6.0,1.906571159362793
7.0,2.419681415557861
8.0,2.601430835723877
9.0,3.0493068487747856
10.0,1.8746477640592134
11.0,2.306668571803881
12.0,2.2497684644616167
13.0,2.48308672507604
14.0,2.7167290115356444
15.0,2.301767349243164
16.0,2.408786277770996
17.0,3.6441130461516202
18.0,4.443409177992079
